"filename", "language", "CSV", "MATLAB", "comment", "blank", "total"
"/home/tonix/Documents/PhdDegreeCode/MatlabCode/ComplexNetwork/ComplexAutoencoderFC.m", "MATLAB", 0, 48, 9, 10, 67
"/home/tonix/Documents/PhdDegreeCode/MatlabCode/ComplexNetwork/testComplexAutoencoderFC.m", "MATLAB", 0, 48, 26, 29, 103
"/home/tonix/Documents/PhdDegreeCode/MatlabCode/Lab/PictureOFDM.m", "MATLAB", 0, 59, 38, 31, 128
"/home/tonix/Documents/PhdDegreeCode/MatlabCode/NeuronalNetwork/BinaryClassifier/BinaryNet.m", "MATLAB", 0, 14, 2, 4, 20
"/home/tonix/Documents/PhdDegreeCode/MatlabCode/NeuronalNetwork/BinaryClassifier/NetworkTest.m", "MATLAB", 0, 11, 5, 5, 21
"/home/tonix/Documents/PhdDegreeCode/MatlabCode/NeuronalNetwork/BinaryClassifier/accumulateMetrics.m", "MATLAB", 0, 9, 4, 4, 17
"/home/tonix/Documents/PhdDegreeCode/MatlabCode/NeuronalNetwork/BinaryClassifier/evaluateModel.m", "MATLAB", 0, 33, 7, 6, 46
"/home/tonix/Documents/PhdDegreeCode/MatlabCode/NeuronalNetwork/BinaryClassifier/modelLoss.m", "MATLAB", 0, 5, 0, 0, 5
"/home/tonix/Documents/PhdDegreeCode/MatlabCode/NeuronalNetwork/BinaryClassifier/splitDlData.m", "MATLAB", 0, 8, 17, 4, 29
"/home/tonix/Documents/PhdDegreeCode/MatlabCode/NeuronalNetwork/BinaryClassifier/testNetwork.m", "MATLAB", 0, 6, 3, 2, 11
"/home/tonix/Documents/PhdDegreeCode/MatlabCode/NeuronalNetwork/BinaryClassifier/trainNetworkCustom.m", "MATLAB", 0, 20, 4, 4, 28
"/home/tonix/Documents/PhdDegreeCode/MatlabCode/NeuronalNetwork/CorrDataGeneration/CorrelationGenerators.m", "MATLAB", 0, 28, 27, 17, 72
"/home/tonix/Documents/PhdDegreeCode/MatlabCode/NeuronalNetwork/CorrDataGeneration/computeCorrChannels.m", "MATLAB", 0, 10, 16, 5, 31
"/home/tonix/Documents/PhdDegreeCode/MatlabCode/NeuronalNetwork/DPSKCluster.m", "MATLAB", 0, 85, 30, 34, 149
"/home/tonix/Documents/PhdDegreeCode/MatlabCode/NeuronalNetwork/DPSKCorrelation.m", "MATLAB", 0, 104, 25, 22, 151
"/home/tonix/Documents/PhdDegreeCode/MatlabCode/PuertoSourceCode/DPSK.m", "MATLAB", 0, 26, 8, 7, 41
"/home/tonix/Documents/PhdDegreeCode/MatlabCode/PuertoSourceCode/DPSKPcitureDenoiseNormal.m", "MATLAB", 0, 11, 0, 0, 11
"/home/tonix/Documents/PhdDegreeCode/MatlabCode/PuertoSourceCode/DPSKPicture.m", "MATLAB", 0, 16, 3, 3, 22
"/home/tonix/Documents/PhdDegreeCode/MatlabCode/PuertoSourceCode/DPSKStack.m", "MATLAB", 0, 46, 7, 7, 60
"/home/tonix/Documents/PhdDegreeCode/MatlabCode/PuertoSourceCode/DPSK_SNR_AWGN_V2V_NO_NN.csv", "CSV", 6, 0, 0, 1, 7
"/home/tonix/Documents/PhdDegreeCode/MatlabCode/PuertoSourceCode/DPSK_SNR_NN_V2V.csv", "CSV", 6, 0, 0, 1, 7
"/home/tonix/Documents/PhdDegreeCode/MatlabCode/PuertoSourceCode/DPSK_SNR_Theorical.csv", "CSV", 6, 0, 0, 1, 7
"/home/tonix/Documents/PhdDegreeCode/MatlabCode/PuertoSourceCode/DPSK_SNR_Theorical_BER_AWGN.csv", "CSV", 6, 0, 0, 1, 7
"/home/tonix/Documents/PhdDegreeCode/MatlabCode/PuertoSourceCode/DPSK_SNR_V2V_NO_NN.csv", "CSV", 6, 0, 0, 1, 7
"/home/tonix/Documents/PhdDegreeCode/MatlabCode/PuertoSourceCode/DenoisePicture.m", "MATLAB", 0, 24, 12, 8, 44
"/home/tonix/Documents/PhdDegreeCode/MatlabCode/PuertoSourceCode/Equalizers.m", "MATLAB", 0, 33, 4, 8, 45
"/home/tonix/Documents/PhdDegreeCode/MatlabCode/PuertoSourceCode/Libraries/LMMSE.m", "MATLAB", 0, 2, 0, 0, 2
"/home/tonix/Documents/PhdDegreeCode/MatlabCode/PuertoSourceCode/Libraries/MMSESortedQRC.m", "MATLAB", 0, 67, 39, 31, 137
"/home/tonix/Documents/PhdDegreeCode/MatlabCode/PuertoSourceCode/Libraries/Near_ML.m", "MATLAB", 0, 120, 16, 12, 148
"/home/tonix/Documents/PhdDegreeCode/MatlabCode/PuertoSourceCode/Libraries/OSIC_Det.m", "MATLAB", 0, 10, 4, 4, 18
"/home/tonix/Documents/PhdDegreeCode/MatlabCode/PuertoSourceCode/Libraries/QRM_Det4b.m", "MATLAB", 0, 132, 26, 19, 177
"/home/tonix/Documents/PhdDegreeCode/MatlabCode/PuertoSourceCode/Libraries/applyDPSKDecoding.m", "MATLAB", 0, 5, 0, 1, 6
"/home/tonix/Documents/PhdDegreeCode/MatlabCode/PuertoSourceCode/Libraries/applyDPSKEncoding.m", "MATLAB", 0, 6, 0, 1, 7
"/home/tonix/Documents/PhdDegreeCode/MatlabCode/PuertoSourceCode/Libraries/applyPSKDemodulation.m", "MATLAB", 0, 3, 0, 1, 4
"/home/tonix/Documents/PhdDegreeCode/MatlabCode/PuertoSourceCode/Libraries/applyPSKModulation.m", "MATLAB", 0, 3, 0, 1, 4
"/home/tonix/Documents/PhdDegreeCode/MatlabCode/PuertoSourceCode/Libraries/awgnwraper.m", "MATLAB", 0, 3, 0, 2, 5
"/home/tonix/Documents/PhdDegreeCode/MatlabCode/PuertoSourceCode/Libraries/calculateTheoreticalBER.m", "MATLAB", 0, 4, 0, 1, 5
"/home/tonix/Documents/PhdDegreeCode/MatlabCode/PuertoSourceCode/Libraries/chunkAndEncodeImage.m", "MATLAB", 0, 24, 12, 8, 44
"/home/tonix/Documents/PhdDegreeCode/MatlabCode/PuertoSourceCode/Libraries/convertSNRtoEbNo.m", "MATLAB", 0, 7, 2, 1, 10
"/home/tonix/Documents/PhdDegreeCode/MatlabCode/PuertoSourceCode/Libraries/decodeAndRebuildImage.m", "MATLAB", 0, 17, 10, 6, 33
"/home/tonix/Documents/PhdDegreeCode/MatlabCode/PuertoSourceCode/Libraries/generateRandomData.m", "MATLAB", 0, 3, 0, 1, 4
"/home/tonix/Documents/PhdDegreeCode/MatlabCode/PuertoSourceCode/Libraries/ofdmDemodulate.m", "MATLAB", 0, 3, 0, 1, 4
"/home/tonix/Documents/PhdDegreeCode/MatlabCode/PuertoSourceCode/Libraries/ofdmModulate.m", "MATLAB", 0, 3, 0, 1, 4
"/home/tonix/Documents/PhdDegreeCode/MatlabCode/PuertoSourceCode/Libraries/plotBER.m", "MATLAB", 0, 16, 4, 4, 24
"/home/tonix/Documents/PhdDegreeCode/MatlabCode/PuertoSourceCode/Libraries/processAndRebuildPicture.m", "MATLAB", 0, 12, 4, 6, 22
"/home/tonix/Documents/PhdDegreeCode/MatlabCode/PuertoSourceCode/Libraries/processChannel.m", "MATLAB", 0, 11, 3, 4, 18
"/home/tonix/Documents/PhdDegreeCode/MatlabCode/PuertoSourceCode/Libraries/processChannelAndTransmit.m", "MATLAB", 0, 13, 7, 8, 28
"/home/tonix/Documents/PhdDegreeCode/MatlabCode/PuertoSourceCode/Libraries/saveBERToCSV.m", "MATLAB", 0, 8, 4, 4, 16
"/home/tonix/Documents/PhdDegreeCode/MatlabCode/PuertoSourceCode/MimoDPSKStackTest.m", "MATLAB", 0, 63, 42, 17, 122
"/home/tonix/Documents/PhdDegreeCode/MatlabCode/PuertoSourceCode/OFDMspreading_noLinear_Detection.m", "MATLAB", 0, 68, 14, 24, 106
"/home/tonix/Documents/PhdDegreeCode/MatlabCode/PuertoSourceCode/Results/BER_Plot_LMMSE_2024-09-26_15-48-48.csv", "CSV", 1, 0, 0, 1, 2
"/home/tonix/Documents/PhdDegreeCode/MatlabCode/PuertoSourceCode/Results/BER_Plot_NearML_2024-09-26_15-54-55.csv", "CSV", 1, 0, 0, 1, 2
"/home/tonix/Documents/PhdDegreeCode/MatlabCode/PuertoSourceCode/Results/BER_Plot_OSIC_2024-09-26_15-49-33.csv", "CSV", 1, 0, 0, 1, 2
"/home/tonix/Documents/PhdDegreeCode/MatlabCode/PuertoSourceCode/TheoricalBER.m", "MATLAB", 0, 10, 1, 1, 12
"/home/tonix/Documents/PhdDegreeCode/PythonCode/App/DPSK_Stack_SNR.csv", "CSV", 6, 0, 0, 1, 7
"/home/tonix/Documents/PhdDegreeCode/PythonCode/App/Theorical.csv", "CSV", 7, 0, 0, 1, 8
"/home/tonix/Documents/PhdDegreeCode/PythonCode/App/ber_snr_DPSK_AWGN_V2V.csv", "CSV", 6, 0, 0, 1, 7
"/home/tonix/Documents/PhdDegreeCode/PythonCode/App/ber_snr_DPSK_NN.csv", "CSV", 6, 0, 0, 1, 7
"/home/tonix/Documents/PhdDegreeCode/PythonCode/App/ber_snr_DPSK_NN_V2V.csv", "CSV", 7, 0, 0, 1, 8
"/home/tonix/Documents/PhdDegreeCode/PythonCode/DeepLearning/Qlearning/ber_snr_DPSK_NN.csv", "CSV", 6, 0, 0, 1, 7
"/home/tonix/Documents/PhdDegreeCode/PythonCode/UnitTests/ber_snr_data.csv", "CSV", 6, 0, 0, 1, 7
"/home/tonix/Documents/PhdDegreeCode/ber_snr_DPSK_NN.csv", "CSV", 6, 0, 0, 1, 7
"Total", "-", 83, 1257, 435, 385, 2160